{
	"_id": {
		"$oid": "5e9059e2a88e9b827f42c41e"
	},
	"scoringDate": {
		"$date": "2019-03-31T00:00:00Z"
	},
	"project": {
		"$oid": "5e9055de1c16f47b348f66c4"
	},
	"mrl": 3,
	"trl": 6,
	"__v": 0
}
{
	"_id": {
		"$oid": "5e9059e2a88e9b827f42c41f"
	},
	"scoringDate": {
		"$date": "2019-03-31T00:00:00Z"
	},
	"project": {
		"$oid": "5e9055de1c16f47b348f66e2"
	},
	"mrl": 4,
	"trl": 6,
	"__v": 0
}
{
	"_id": {
		"$oid": "5e9059e2a88e9b827f42c420"
	},
	"scoringDate": {
		"$date": "2019-03-31T00:00:00Z"
	},
	"project": {
		"$oid": "5e9055de1c16f47b348f66e7"
	},
	"mrl": 6,
	"trl": 7,
	"__v": 0
}
{
	"_id": {
		"$oid": "5e9059e2a88e9b827f42c421"
	},
	"scoringDate": {
		"$date": "2019-03-31T00:00:00Z"
	},
	"project": {
		"$oid": "5e9055de1c16f47b348f66ec"
	},
	"mrl": 2,
	"trl": 6,
	"__v": 0
}
{
	"_id": {
		"$oid": "5e9059e2a88e9b827f42c422"
	},
	"scoringDate": {
		"$date": "2019-03-31T00:00:00Z"
	},
	"project": {
		"$oid": "5e9055de1c16f47b348f66ed"
	},
	"mrl": 5,
	"trl": 7,
	"__v": 0
}
{
	"_id": {
		"$oid": "5e9059e2a88e9b827f42c423"
	},
	"scoringDate": {
		"$date": "2019-03-31T00:00:00Z"
	},
	"project": {
		"$oid": "5e9055de1c16f47b348f66f1"
	},
	"mrl": 5,
	"trl": 6,
	"__v": 0
}
{
	"_id": {
		"$oid": "5e9059e2a88e9b827f42c424"
	},
	"scoringDate": {
		"$date": "2019-03-31T00:00:00Z"
	},
	"project": {
		"$oid": "5e9055de1c16f47b348f66f6"
	},
	"mrl": 5,
	"trl": 6,
	"__v": 0
}
{
	"_id": {
		"$oid": "5e9059e2a88e9b827f42c425"
	},
	"scoringDate": {
		"$date": "2019-03-31T00:00:00Z"
	},
	"project": {
		"$oid": "5e9055de1c16f47b348f66f9"
	},
	"mrl": 2,
	"trl": 4,
	"__v": 0
}
{
	"_id": {
		"$oid": "5e9059e2a88e9b827f42c426"
	},
	"scoringDate": {
		"$date": "2019-03-31T00:00:00Z"
	},
	"project": {
		"$oid": "5e9055de1c16f47b348f66fb"
	},
	"mrl": 5,
	"trl": 7,
	"__v": 0
}
{
	"_id": {
		"$oid": "5e9059e2a88e9b827f42c427"
	},
	"scoringDate": {
		"$date": "2019-03-31T00:00:00Z"
	},
	"project": {
		"$oid": "5e9055de1c16f47b348f6703"
	},
	"mrl": 5,
	"trl": 6,
	"__v": 0
}
{
	"_id": {
		"$oid": "5e9059e2a88e9b827f42c428"
	},
	"scoringDate": {
		"$date": "2019-03-31T00:00:00Z"
	},
	"project": {
		"$oid": "5e9055de1c16f47b348f672f"
	},
	"mrl": 3,
	"trl": 2,
	"__v": 0
}
{
	"_id": {
		"$oid": "5e9059e2a88e9b827f42c429"
	},
	"scoringDate": {
		"$date": "2019-03-31T00:00:00Z"
	},
	"project": {
		"$oid": "5e9055de1c16f47b348f6730"
	},
	"mrl": 5,
	"trl": 7,
	"__v": 0
}
{
	"_id": {
		"$oid": "5e9059e2a88e9b827f42c42a"
	},
	"scoringDate": {
		"$date": "2019-03-31T00:00:00Z"
	},
	"project": {
		"$oid": "5e9055de1c16f47b348f673b"
	},
	"mrl": 6,
	"trl": 8,
	"__v": 0
}
{
	"_id": {
		"$oid": "5e9059e2a88e9b827f42c42b"
	},
	"scoringDate": {
		"$date": "2019-03-31T00:00:00Z"
	},
	"project": {
		"$oid": "5e9055de1c16f47b348f673d"
	},
	"mrl": 4,
	"trl": 7,
	"__v": 0
}
{
	"_id": {
		"$oid": "5e9059e2a88e9b827f42c42c"
	},
	"scoringDate": {
		"$date": "2019-03-31T00:00:00Z"
	},
	"project": {
		"$oid": "5e9055de1c16f47b348f673e"
	},
	"mrl": 1,
	"trl": 3,
	"__v": 0
}
{
	"_id": {
		"$oid": "5e9059e2a88e9b827f42c42d"
	},
	"scoringDate": {
		"$date": "2019-03-31T00:00:00Z"
	},
	"project": {
		"$oid": "5e9055de1c16f47b348f674d"
	},
	"mrl": 5,
	"trl": 6,
	"__v": 0
}
{
	"_id": {
		"$oid": "5e9059e2a88e9b827f42c42e"
	},
	"scoringDate": {
		"$date": "2019-03-31T00:00:00Z"
	},
	"project": {
		"$oid": "5e9055de1c16f47b348f6753"
	},
	"mrl": 3,
	"trl": 3,
	"__v": 0
}
{
	"_id": {
		"$oid": "5e9059e2a88e9b827f42c42f"
	},
	"scoringDate": {
		"$date": "2019-03-31T00:00:00Z"
	},
	"project": {
		"$oid": "5e9055de1c16f47b348f6755"
	},
	"mrl": 1,
	"trl": 1,
	"__v": 0
}
{
	"_id": {
		"$oid": "5e9059e2a88e9b827f42c430"
	},
	"scoringDate": {
		"$date": "2019-03-31T00:00:00Z"
	},
	"project": {
		"$oid": "5e9055de1c16f47b348f6756"
	},
	"mrl": 1,
	"trl": 1,
	"__v": 0
}
{
	"_id": {
		"$oid": "5e9059e2a88e9b827f42c431"
	},
	"scoringDate": {
		"$date": "2019-03-31T00:00:00Z"
	},
	"project": {
		"$oid": "5e9055de1c16f47b348f6757"
	},
	"mrl": 1,
	"trl": 2,
	"__v": 0
}
{
	"_id": {
		"$oid": "5e9059e2a88e9b827f42c432"
	},
	"scoringDate": {
		"$date": "2019-03-31T00:00:00Z"
	},
	"project": {
		"$oid": "5e9055de1c16f47b348f6758"
	},
	"mrl": 2,
	"trl": 3,
	"__v": 0
}
{
	"_id": {
		"$oid": "5e9059e2a88e9b827f42c433"
	},
	"scoringDate": {
		"$date": "2019-03-31T00:00:00Z"
	},
	"project": {
		"$oid": "5e9055de1c16f47b348f6759"
	},
	"mrl": 1,
	"trl": 3,
	"__v": 0
}
{
	"_id": {
		"$oid": "5e9059e2a88e9b827f42c434"
	},
	"scoringDate": {
		"$date": "2019-03-31T00:00:00Z"
	},
	"project": {
		"$oid": "5e9055de1c16f47b348f675c"
	},
	"mrl": 2,
	"trl": 1,
	"__v": 0
}
{
	"_id": {
		"$oid": "5e9059e2a88e9b827f42c435"
	},
	"scoringDate": {
		"$date": "2019-03-31T00:00:00Z"
	},
	"project": {
		"$oid": "5e9055de1c16f47b348f6761"
	},
	"mrl": 4,
	"trl": 6,
	"__v": 0
}
{
	"_id": {
		"$oid": "5e9059e2a88e9b827f42c436"
	},
	"scoringDate": {
		"$date": "2019-03-31T00:00:00Z"
	},
	"project": {
		"$oid": "5e9055de1c16f47b348f6764"
	},
	"mrl": 3,
	"trl": 2,
	"__v": 0
}
{
	"_id": {
		"$oid": "5e9059e2a88e9b827f42c437"
	},
	"scoringDate": {
		"$date": "2019-03-31T00:00:00Z"
	},
	"project": {
		"$oid": "5e9055de1c16f47b348f6766"
	},
	"mrl": 2,
	"trl": 2,
	"__v": 0
}
{
	"_id": {
		"$oid": "5e9059e2a88e9b827f42c438"
	},
	"scoringDate": {
		"$date": "2019-03-31T00:00:00Z"
	},
	"project": {
		"$oid": "5e9055de1c16f47b348f676b"
	},
	"mrl": 4,
	"trl": 2,
	"__v": 0
}
{
	"_id": {
		"$oid": "5e9059e2a88e9b827f42c439"
	},
	"scoringDate": {
		"$date": "2019-03-31T00:00:00Z"
	},
	"project": {
		"$oid": "5e9055de1c16f47b348f676c"
	},
	"mrl": 3,
	"trl": 1,
	"__v": 0
}
{
	"_id": {
		"$oid": "5e9059e2a88e9b827f42c43a"
	},
	"scoringDate": {
		"$date": "2019-03-31T00:00:00Z"
	},
	"project": {
		"$oid": "5e9055de1c16f47b348f676d"
	},
	"mrl": 3,
	"trl": 3,
	"__v": 0
}
{
	"_id": {
		"$oid": "5e9059e2a88e9b827f42c43b"
	},
	"scoringDate": {
		"$date": "2019-08-31T00:00:00Z"
	},
	"project": {
		"$oid": "5e9055de1c16f47b348f66cc"
	},
	"mrl": 3,
	"trl": 9,
	"__v": 0
}
{
	"_id": {
		"$oid": "5e9059e2a88e9b827f42c43c"
	},
	"scoringDate": {
		"$date": "2019-08-31T00:00:00Z"
	},
	"project": {
		"$oid": "5e9055de1c16f47b348f66d7"
	},
	"mrl": 4,
	"trl": 7,
	"__v": 0
}
{
	"_id": {
		"$oid": "5e9059e2a88e9b827f42c43d"
	},
	"scoringDate": {
		"$date": "2019-08-31T00:00:00Z"
	},
	"project": {
		"$oid": "5e9055de1c16f47b348f66ec"
	},
	"mrl": 2,
	"trl": 6,
	"__v": 0
}
{
	"_id": {
		"$oid": "5e9059e2a88e9b827f42c43e"
	},
	"scoringDate": {
		"$date": "2019-08-31T00:00:00Z"
	},
	"project": {
		"$oid": "5e9055de1c16f47b348f66f3"
	},
	"mrl": 5,
	"trl": 7,
	"__v": 0
}
{
	"_id": {
		"$oid": "5e9059e2a88e9b827f42c43f"
	},
	"scoringDate": {
		"$date": "2019-08-31T00:00:00Z"
	},
	"project": {
		"$oid": "5e9055de1c16f47b348f66fb"
	},
	"mrl": 5,
	"trl": 7,
	"__v": 0
}
{
	"_id": {
		"$oid": "5e9059e2a88e9b827f42c440"
	},
	"scoringDate": {
		"$date": "2019-08-31T00:00:00Z"
	},
	"project": {
		"$oid": "5e9055de1c16f47b348f6702"
	},
	"mrl": 5,
	"trl": 6,
	"__v": 0
}
{
	"_id": {
		"$oid": "5e9059e2a88e9b827f42c441"
	},
	"scoringDate": {
		"$date": "2019-08-31T00:00:00Z"
	},
	"project": {
		"$oid": "5e9055de1c16f47b348f6703"
	},
	"mrl": 5,
	"trl": 6,
	"__v": 0
}
{
	"_id": {
		"$oid": "5e9059e2a88e9b827f42c442"
	},
	"scoringDate": {
		"$date": "2019-08-31T00:00:00Z"
	},
	"project": {
		"$oid": "5e9055de1c16f47b348f671a"
	},
	"mrl": 5,
	"trl": 7,
	"__v": 0
}
{
	"_id": {
		"$oid": "5e9059e2a88e9b827f42c443"
	},
	"scoringDate": {
		"$date": "2019-08-31T00:00:00Z"
	},
	"project": {
		"$oid": "5e9055de1c16f47b348f6725"
	},
	"mrl": 7,
	"trl": 7,
	"__v": 0
}
{
	"_id": {
		"$oid": "5e9059e2a88e9b827f42c444"
	},
	"scoringDate": {
		"$date": "2019-08-31T00:00:00Z"
	},
	"project": {
		"$oid": "5e9055de1c16f47b348f672d"
	},
	"mrl": 6,
	"trl": 7,
	"__v": 0
}
{
	"_id": {
		"$oid": "5e9059e2a88e9b827f42c445"
	},
	"scoringDate": {
		"$date": "2019-08-31T00:00:00Z"
	},
	"project": {
		"$oid": "5e9055de1c16f47b348f6731"
	},
	"mrl": 2,
	"trl": 4,
	"__v": 0
}
{
	"_id": {
		"$oid": "5e9059e2a88e9b827f42c446"
	},
	"scoringDate": {
		"$date": "2019-08-31T00:00:00Z"
	},
	"project": {
		"$oid": "5e9055de1c16f47b348f6733"
	},
	"mrl": 5,
	"trl": 6,
	"__v": 0
}
{
	"_id": {
		"$oid": "5e9059e2a88e9b827f42c447"
	},
	"scoringDate": {
		"$date": "2019-08-31T00:00:00Z"
	},
	"project": {
		"$oid": "5e9055de1c16f47b348f6739"
	},
	"mrl": 5,
	"trl": 6,
	"__v": 0
}
{
	"_id": {
		"$oid": "5e9059e2a88e9b827f42c448"
	},
	"scoringDate": {
		"$date": "2019-08-31T00:00:00Z"
	},
	"project": {
		"$oid": "5e9055de1c16f47b348f673b"
	},
	"mrl": 6,
	"trl": 8,
	"__v": 0
}
{
	"_id": {
		"$oid": "5e9059e2a88e9b827f42c449"
	},
	"scoringDate": {
		"$date": "2019-08-31T00:00:00Z"
	},
	"project": {
		"$oid": "5e9055de1c16f47b348f6742"
	},
	"mrl": 6,
	"trl": 7,
	"__v": 0
}
{
	"_id": {
		"$oid": "5e9059e2a88e9b827f42c44a"
	},
	"scoringDate": {
		"$date": "2019-08-31T00:00:00Z"
	},
	"project": {
		"$oid": "5e9055de1c16f47b348f6753"
	},
	"mrl": 3,
	"trl": 3,
	"__v": 0
}
{
	"_id": {
		"$oid": "5e9059e2a88e9b827f42c44b"
	},
	"scoringDate": {
		"$date": "2019-08-31T00:00:00Z"
	},
	"project": {
		"$oid": "5e9055de1c16f47b348f6757"
	},
	"mrl": 1,
	"trl": 6,
	"__v": 0
}
{
	"_id": {
		"$oid": "5e9059e2a88e9b827f42c44c"
	},
	"scoringDate": {
		"$date": "2019-08-31T00:00:00Z"
	},
	"project": {
		"$oid": "5e9055de1c16f47b348f6759"
	},
	"mrl": 3,
	"trl": 3,
	"__v": 0
}
{
	"_id": {
		"$oid": "5e9059e2a88e9b827f42c44d"
	},
	"scoringDate": {
		"$date": "2019-08-31T00:00:00Z"
	},
	"project": {
		"$oid": "5e9055de1c16f47b348f675c"
	},
	"mrl": 2,
	"trl": 2,
	"__v": 0
}
{
	"_id": {
		"$oid": "5e9059e2a88e9b827f42c44e"
	},
	"scoringDate": {
		"$date": "2019-08-31T00:00:00Z"
	},
	"project": {
		"$oid": "5e9055de1c16f47b348f675e"
	},
	"mrl": 1,
	"trl": 2,
	"__v": 0
}
{
	"_id": {
		"$oid": "5e9059e2a88e9b827f42c44f"
	},
	"scoringDate": {
		"$date": "2019-08-31T00:00:00Z"
	},
	"project": {
		"$oid": "5e9055de1c16f47b348f6761"
	},
	"mrl": 4,
	"trl": 6,
	"__v": 0
}
{
	"_id": {
		"$oid": "5e9059e2a88e9b827f42c450"
	},
	"scoringDate": {
		"$date": "2019-08-31T00:00:00Z"
	},
	"project": {
		"$oid": "5e9055de1c16f47b348f6764"
	},
	"mrl": 3,
	"trl": 3,
	"__v": 0
}
{
	"_id": {
		"$oid": "5e9059e2a88e9b827f42c451"
	},
	"scoringDate": {
		"$date": "2019-08-31T00:00:00Z"
	},
	"project": {
		"$oid": "5e9055de1c16f47b348f6766"
	},
	"mrl": 2,
	"trl": 2,
	"__v": 0
}
{
	"_id": {
		"$oid": "5e9059e2a88e9b827f42c452"
	},
	"scoringDate": {
		"$date": "2019-08-31T00:00:00Z"
	},
	"project": {
		"$oid": "5e9055de1c16f47b348f6767"
	},
	"mrl": 6,
	"trl": 6,
	"__v": 0
}
{
	"_id": {
		"$oid": "5e9059e2a88e9b827f42c453"
	},
	"scoringDate": {
		"$date": "2019-08-31T00:00:00Z"
	},
	"project": {
		"$oid": "5e9055de1c16f47b348f676c"
	},
	"mrl": 4,
	"trl": 7,
	"__v": 0
}
{
	"_id": {
		"$oid": "5e9059e2a88e9b827f42c454"
	},
	"scoringDate": {
		"$date": "2019-08-31T00:00:00Z"
	},
	"project": {
		"$oid": "5e9055de1c16f47b348f6775"
	},
	"mrl": 2,
	"trl": 3,
	"__v": 0
}
{
	"_id": {
		"$oid": "5e9059e2a88e9b827f42c455"
	},
	"scoringDate": {
		"$date": "2019-08-31T00:00:00Z"
	},
	"project": {
		"$oid": "5e9055de1c16f47b348f6778"
	},
	"mrl": 5,
	"trl": 6,
	"__v": 0
}
