{
	"_id": {
		"$oid": "5e905641a4f5467bec36bef8"
	},
	"status": "published",
	"year": 2018,
	"release": "Autumn",
	"summary": "First radar",
	"slug": "autumn-2018",
	"name": "Autumn 2018",
	"__v": 0,
	"data": {
		"$oid": "5e905dcacccf2b8263d3abe8"
	},
	"referenceDate": {
		"$date": "2018-11-01T00:00:00Z"
	},
	"rendering": {
		"$oid": "5e905dd4cccf2b8263d3ac8e"
	},
	"publicationDate": {
		"$date": "2020-04-10T11:51:52.654Z"
	}
}
{
	"_id": {
		"$oid": "5e905641a4f5467bec36bef9"
	},
	"status": "published",
	"year": 2019,
	"release": "Spring",
	"summary": "Second radar",
	"slug": "spring-2019",
	"name": "Spring 2019",
	"__v": 0,
	"data": {
		"$oid": "5e905e20cccf2b8263d3ac8f"
	},
	"referenceDate": {
		"$date": "2019-04-30T23:00:00Z"
	},
	"rendering": {
		"$oid": "5e905e24cccf2b8263d3ad3e"
	},
	"publicationDate": {
		"$date": "2020-04-10T11:53:12.135Z"
	}
}
{
	"_id": {
		"$oid": "5e905641a4f5467bec36befa"
	},
	"status": "published",
	"year": 2019,
	"release": "Autumn",
	"summary": "Third radar",
	"slug": "autumn-2019",
	"name": "Autumn 2019",
	"__v": 0,
	"data": {
		"$oid": "5e905e58cccf2b8263d3ad3f"
	},
	"referenceDate": {
		"$date": "2019-11-01T00:00:00Z"
	},
	"rendering": {
		"$oid": "5e905e5ccccf2b8263d3ae00"
	},
	"publicationDate": {
		"$date": "2020-04-10T11:54:24.393Z"
	}
}
{
	"_id": {
		"$oid": "5e905641a4f5467bec36befb"
	},
	"status": "created",
	"year": 2020,
	"release": "Spring",
	"summary": "Fourth radar",
	"slug": "spring-2020",
	"name": "Spring 2020",
	"__v": 0
}
{
	"_id": {
		"$oid": "5e905641a4f5467bec36befc"
	},
	"status": "created",
	"year": 2020,
	"release": "Autumn",
	"summary": "Fifth radar",
	"slug": "autumn-2020",
	"name": "Autumn 2020",
	"__v": 0
}
